UserName,Handles,Timestamp,Text,Embedded_text,Emojis,Comments,Likes,Retweets,Image_link,Tweet_URL
@maji_mowi,Wizara ya Maji Tanzania,"Jul 28, 2023 ¬∑ 6:33 PM UTC",‚ÄúNitumie nafasi hii kumshukuru Rais wetu Dkt. Samia Suluhu Hassan kwa kutupatia fedha zaidi ya shilingi billioni 22.9 kwa ajili ya ujenzi wa jengo hili na kupata mazingira mazuri kwa watumishi wetu wa Wizara ya Maji.‚Äù Mhe. Aweso amesema,‚ÄúNitumie nafasi hii kumshukuru Rais wetu Dkt. Samia Suluhu Hassan kwa kutupatia fedha zaidi ya shilingi billioni 22.9 kwa ajili ya ujenzi wa jengo hili na kupata mazingira mazuri kwa watumishi wetu wa Wizara ya Maji.‚Äù Mhe. Aweso amesema,,12,,,https://nitter.net/pic/profile_images%2F676746313975783425%2FcuKsKjmm_bigger.png,https://nitter.net/maji_mowi/status/1684995565556285442#m
@ShabaniLuhilab1,Shabani Luhilabache,"Jul 28, 2023 ¬∑ 4:30 PM UTC",Kwan ni uwongo samia katukosea sn,Kwan ni uwongo samia katukosea sn,,12,,,https://nitter.net/pic/profile_images%2F1553850397936259079%2FsaxAiOPf_bigger.jpg,https://nitter.net/ShabaniLuhilab1/status/1684964529187299344#m
@MelimeliMrisho,Comrade Mrisho Melimeli,"Jul 28, 2023 ¬∑ 3:26 PM UTC","""Wakati wote Dkt. Samia Suluhu Hassan akiongoza nchi hii, anatumia Katiba na hata suala la bandari amelifanya kwa kuzingatia misingi yote ya katiba na sheria za nchi yetu.""

Ndugu Jerry Slaa, Uwanja wa Mwanga Center, Kigoma.

Mkutano wa Hadhara, 26 Julai 2023.","""Wakati wote Dkt. Samia Suluhu Hassan akiongoza nchi hii, anatumia Katiba na hata suala la bandari amelifanya kwa kuzingatia misingi yote ya katiba na sheria za nchi yetu.""

Ndugu Jerry Slaa, Uwanja wa Mwanga Center, Kigoma.

Mkutano wa Hadhara, 26 Julai 2023.",,12,,,https://nitter.net/pic/profile_images%2F1425153955236093953%2Fb1RigRee_bigger.png,https://nitter.net/MelimeliMrisho/status/1684948371792932867#m
@MelimeliMrisho,Comrade Mrisho Melimeli,"Jul 28, 2023 ¬∑ 1:56 PM UTC","""Jamaa wamefilisika hawana hoja wala sera lakini Ikulu wanaitaka; kama ni kutembelea tu, tumuambie Mama Samia awakaribishe kutembelea. Kuingia pale, unaingia kama kuna jambo unataka kufanya na umeonyesha unaweza; hawawezi na uongo sio ajenda ya kuwapeleka Ikulu, 
Ndugu  Wassira,","""Jamaa wamefilisika hawana hoja wala sera lakini Ikulu wanaitaka; kama ni kutembelea tu, tumuambie Mama Samia awakaribishe kutembelea. Kuingia pale, unaingia kama kuna jambo unataka kufanya na umeonyesha unaweza; hawawezi na uongo sio ajenda ya kuwapeleka Ikulu, 
Ndugu  Wassira,",,12,,,https://nitter.net/pic/profile_images%2F1425153955236093953%2Fb1RigRee_bigger.png,https://nitter.net/MelimeliMrisho/status/1684925894207348737#m
@MadiniTanzania,Wizara ya Madini,"Jul 28, 2023 ¬∑ 9:56 AM UTC","Katika mkutano huo, ambapo Waziri Mkuu Kassim Majaliwa anamwakilisha Rais Dkt. Samia Suluhu, Dkt.Biteko amebainisha hizo kuwa ni pamoja na shughuli za  utafutaji, uchimbaji, uchenjuaji,uongezaji thamani madini na biashara ya madini.
@matokeochanya
@ThamaniMadini 
@JAMVILAHABARI","Katika mkutano huo, ambapo Waziri Mkuu Kassim Majaliwa anamwakilisha Rais Dkt. Samia Suluhu, Dkt.Biteko amebainisha hizo kuwa ni pamoja na shughuli za  utafutaji, uchimbaji, uchenjuaji,uongezaji thamani madini na biashara ya madini.
@matokeochanya
@ThamaniMadini 
@JAMVILAHABARI",,12,,,https://nitter.net/pic/profile_images%2F922799152358199296%2FCC2PMAae_bigger.jpg,https://nitter.net/MadiniTanzania/status/1684865289127686144#m
@Taifadigital,Taifa Digital Forum,"Jul 28, 2023 ¬∑ 8:46 AM UTC","üîëTUMSHUKULU RAIS SAMIA KURUHUSU SUALA LA MKATABA WA BANDARI LIJADILIWE KWA UWAZI.

Mwenyekiti wa Kamati ya Kudumu ya Bunge ya Uwekezaji wa Mitaji ya Umma (PIC) Mhe. Jerry Slaa Mbunge wa Jimbo la Ukonga. 
#Tanzania","üîëTUMSHUKULU RAIS SAMIA KURUHUSU SUALA LA MKATABA WA BANDARI LIJADILIWE KWA UWAZI.

Mwenyekiti wa Kamati ya Kudumu ya Bunge ya Uwekezaji wa Mitaji ya Umma (PIC) Mhe. Jerry Slaa Mbunge wa Jimbo la Ukonga. 
#Tanzania",,12,,,https://nitter.net/pic/profile_images%2F1640115766623125505%2FeiadnUQm_bigger.jpg,https://nitter.net/Taifadigital/status/1684847779212857344#m
@JiraniTv_,JiraniTV,"Jul 28, 2023 ¬∑ 6:54 AM UTC","‚ÄúMajadiliano yote yanayotokea wakati huu yana umuhimu wake na hii ni kazi nzuri ya Rais Samia. Tumpongeze kwa hilo kwa sababu kipindi cha nyuma ulikuwa huwezi kusema kwa uwazi.‚Äù Jerry Silaa Mbunge Ukonga.

#tanzania #PoliticsLive","‚ÄúMajadiliano yote yanayotokea wakati huu yana umuhimu wake na hii ni kazi nzuri ya Rais Samia. Tumpongeze kwa hilo kwa sababu kipindi cha nyuma ulikuwa huwezi kusema kwa uwazi.‚Äù Jerry Silaa Mbunge Ukonga.

#tanzania #PoliticsLive",,12,,,https://nitter.net/pic/profile_images%2F1663436092966682624%2FcsZj7spM_bigger.jpg,https://nitter.net/JiraniTv_/status/1684819620341882880#m
@SAMOMATZ,WAJUZI MEDIAüáπüáø,"Jul 29, 2023 ¬∑ 6:27 PM UTC",SAMIA SCHOLARSHIP 2023/2024,SAMIA SCHOLARSHIP 2023/2024,,12,,,https://nitter.net/pic/profile_images%2F1642411291233976322%2F5YeIePzV_bigger.jpg,https://nitter.net/SAMOMATZ/status/1685356362073575425#m
@Taifadigital,Taifa Digital Forum,"Jul 29, 2023 ¬∑ 5:45 PM UTC","TUNAENDELEA NA MIPANGO YA KUJENGA BANDARI YA BAGAMOYO. MKATABA NA DUBAI HAUTUZUII

Serikali ya Rais Samia ina mpango wa kuongeza wigo kujenga bandari nyingine pale Bagamoyo. Hatua mbalimbali zinaendelea.","TUNAENDELEA NA MIPANGO YA KUJENGA BANDARI YA BAGAMOYO. MKATABA NA DUBAI HAUTUZUII

Serikali ya Rais Samia ina mpango wa kuongeza wigo kujenga bandari nyingine pale Bagamoyo. Hatua mbalimbali zinaendelea.",,12,,,https://nitter.net/pic/profile_images%2F1640115766623125505%2FeiadnUQm_bigger.jpg,https://nitter.net/Taifadigital/status/1685345795992592384#m
@Taifadigital,Taifa Digital Forum,"Jul 29, 2023 ¬∑ 5:37 PM UTC","Ibara ya 43 ya ilani ya Chama Cha Mapinduzi inaelekeza serikali kujenga bandari ya uvuvi na Dkt Rais Samia Suluhu Hassan imeianza kazi hiyo kujenga bandari ya uvuvi pale Kilwa na tayari Sh Bilioni 40 zilishawekwa na kazi inaendelea,‚Äù Mhe Abdallah Ullega Waziri wa Mifugo na Uvuvi.","Ibara ya 43 ya ilani ya Chama Cha Mapinduzi inaelekeza serikali kujenga bandari ya uvuvi na Dkt Rais Samia Suluhu Hassan imeianza kazi hiyo kujenga bandari ya uvuvi pale Kilwa na tayari Sh Bilioni 40 zilishawekwa na kazi inaendelea,‚Äù Mhe Abdallah Ullega Waziri wa Mifugo na Uvuvi.",,12,,,https://nitter.net/pic/profile_images%2F1640115766623125505%2FeiadnUQm_bigger.jpg,https://nitter.net/Taifadigital/status/1685343919352016896#m
@Taifadigital,Taifa Digital Forum,"Jul 29, 2023 ¬∑ 5:14 PM UTC","Leo mwanasiasa huyu licha ya kufadhiliwa wakati wote na Rais Samia, lakini anamlipa maudhi. Alipokuwa nje nchi. Rais Samia alimwambia rudi nyumbani, nitahakikisha usalama wako. Lakini  bado anapita kumdhihaki Rais Samia sisi tumuachie Mungu.‚Äù Jerry Silaa Mbunge Ukonga.","Leo mwanasiasa huyu licha ya kufadhiliwa wakati wote na Rais Samia, lakini anamlipa maudhi. Alipokuwa nje nchi. Rais Samia alimwambia rudi nyumbani, nitahakikisha usalama wako. Lakini  bado anapita kumdhihaki Rais Samia sisi tumuachie Mungu.‚Äù Jerry Silaa Mbunge Ukonga.",,12,,,https://nitter.net/pic/profile_images%2F1640115766623125505%2FeiadnUQm_bigger.jpg,https://nitter.net/Taifadigital/status/1685337945581211648#m
@Taifadigital,Taifa Digital Forum,"Jul 29, 2023 ¬∑ 5:14 PM UTC",Mwanasiasa huyu aliwahi kupata madhira na kiongozi pekee aliyekwenda kumuona ni Dkt Samia Suluhu Hassan. Na kama haitoshi Dkt Samia alipokuwa Rais mwanasiasa huyo alikimbia nchi za nje akawaacha wale aliokuwa anawaomba kura 2020.,Mwanasiasa huyu aliwahi kupata madhira na kiongozi pekee aliyekwenda kumuona ni Dkt Samia Suluhu Hassan. Na kama haitoshi Dkt Samia alipokuwa Rais mwanasiasa huyo alikimbia nchi za nje akawaacha wale aliokuwa anawaomba kura 2020.,,12,,,https://nitter.net/pic/profile_images%2F1640115766623125505%2FeiadnUQm_bigger.jpg,https://nitter.net/Taifadigital/status/1685337936244469760#m
@Taifadigital,Taifa Digital Forum,"Jul 29, 2023 ¬∑ 5:14 PM UTC","LISSU ANALIPA MEMA ALIYOFANYIWA NA RAIS SAMIA KWA KUMTUKANA. TUNAMUACHIA MUNGU

Ndugu Katibu Mkuu jana tumemuona mwanasiasa mmoja akiongea maneno ambayo kwa malezi yetu sisi watu wa Pwani hata kuyarudia hapa hatuwezi.","LISSU ANALIPA MEMA ALIYOFANYIWA NA RAIS SAMIA KWA KUMTUKANA. TUNAMUACHIA MUNGU

Ndugu Katibu Mkuu jana tumemuona mwanasiasa mmoja akiongea maneno ambayo kwa malezi yetu sisi watu wa Pwani hata kuyarudia hapa hatuwezi.",,12,,,https://nitter.net/pic/profile_images%2F1640115766623125505%2FeiadnUQm_bigger.jpg,https://nitter.net/Taifadigital/status/1685337933887180802#m
@Taifadigital,Taifa Digital Forum,"Jul 29, 2023 ¬∑ 5:08 PM UTC","Leo mwanasiasa huyu licha ya kufadhiliwa wakati wote na Rais Samia, lakini anamlipa maudhi. Alipokuwa nje nchi. Rais Samia alimwambia rudi nyumbani, nitahakikisha usalama wako. Lakini  bado anapita kumdhihaki Rais Samia sisi tumuachie Mungu.‚Äù Jerry Silaa Mbunge Ukonga.","Leo mwanasiasa huyu licha ya kufadhiliwa wakati wote na Rais Samia, lakini anamlipa maudhi. Alipokuwa nje nchi. Rais Samia alimwambia rudi nyumbani, nitahakikisha usalama wako. Lakini  bado anapita kumdhihaki Rais Samia sisi tumuachie Mungu.‚Äù Jerry Silaa Mbunge Ukonga.",,12,,,https://nitter.net/pic/profile_images%2F1640115766623125505%2FeiadnUQm_bigger.jpg,https://nitter.net/Taifadigital/status/1685336432192212992#m
@Taifadigital,Taifa Digital Forum,"Jul 29, 2023 ¬∑ 5:08 PM UTC",Mwanasiasa huyu aliwahi kupata madhira na kiongozi pekee aliyekwenda kumuona ni Dkt Samia Suluhu Hassan. Na kama haitoshi Dkt Samia alipokuwa Rais mwanasiasa huyo alikimbia nchi za nje akawaacha wale aliokuwa anawaomba kura 2020.,Mwanasiasa huyu aliwahi kupata madhira na kiongozi pekee aliyekwenda kumuona ni Dkt Samia Suluhu Hassan. Na kama haitoshi Dkt Samia alipokuwa Rais mwanasiasa huyo alikimbia nchi za nje akawaacha wale aliokuwa anawaomba kura 2020.,,12,,,https://nitter.net/pic/profile_images%2F1640115766623125505%2FeiadnUQm_bigger.jpg,https://nitter.net/Taifadigital/status/1685336421609930752#m
@wizara_elimuTz,Wizara ya Elimu Tanzania,"Jul 29, 2023 ¬∑ 5:06 PM UTC","Mhe. Samia Suluhu Hassan,  katika kilele cha mkutano wa viongozi wa Afrika juu ya rasilimali watu alisema Watanzania ambao tunaona kuanzia mtoto mpaka mzee,  wote wapate ujuzi wa kusoma na kuandika, tuhakikishe tunawatendea haki walengwa.

# Prof.  Carolyne Nombo
#Ziara-DSM","Mhe. Samia Suluhu Hassan,  katika kilele cha mkutano wa viongozi wa Afrika juu ya rasilimali watu alisema Watanzania ambao tunaona kuanzia mtoto mpaka mzee,  wote wapate ujuzi wa kusoma na kuandika, tuhakikishe tunawatendea haki walengwa.

# Prof.  Carolyne Nombo
#Ziara-DSM",,12,,,https://nitter.net/pic/profile_images%2F707138381818548224%2FrfjEGhFQ_bigger.jpg,https://nitter.net/wizara_elimuTz/status/1685336032361730048#m
@Taifadigital,Taifa Digital Forum,"Jul 29, 2023 ¬∑ 4:35 PM UTC","tunampongeza Mheshimiwa Rais Samia kwa juhudi kubwa aliyofanya katika bandari yetu, lakini bado kuna uhitaji wa kuongeza kina cha gati na kuhitaji meli kubwa za kisasa zije kwetu maana nyingi zinaishia Mombasa kutokana na urefu wake,‚Äù Mhe Atupele Mwakibete, Naibu Waziri Ujenzi","tunampongeza Mheshimiwa Rais Samia kwa juhudi kubwa aliyofanya katika bandari yetu, lakini bado kuna uhitaji wa kuongeza kina cha gati na kuhitaji meli kubwa za kisasa zije kwetu maana nyingi zinaishia Mombasa kutokana na urefu wake,‚Äù Mhe Atupele Mwakibete, Naibu Waziri Ujenzi",,12,,,https://nitter.net/pic/profile_images%2F1640115766623125505%2FeiadnUQm_bigger.jpg,https://nitter.net/Taifadigital/status/1685328278121263104#m
@Taifadigital,Taifa Digital Forum,"Jul 29, 2023 ¬∑ 4:35 PM UTC","RAIS SAMIA AMEIFANYIA MAKUBWA BANDARI YETU
‚ÄúKama tungekuwa na teknolojia ya kutosha na vifaa gharama za bidhaa zetu zingekuwa ndogo. Na kwa bahati mbaya bandari yetu ya Dar es Salaam, licha ya serikali kuboresha,","RAIS SAMIA AMEIFANYIA MAKUBWA BANDARI YETU
‚ÄúKama tungekuwa na teknolojia ya kutosha na vifaa gharama za bidhaa zetu zingekuwa ndogo. Na kwa bahati mbaya bandari yetu ya Dar es Salaam, licha ya serikali kuboresha,",,12,,,https://nitter.net/pic/profile_images%2F1640115766623125505%2FeiadnUQm_bigger.jpg,https://nitter.net/Taifadigital/status/1685328275403407361#m
@SamiaFacts,SamiaFacts,"Jul 29, 2023 ¬∑ 3:53 PM UTC","Rais Samia Suluhu ameleta madaliko kwenye siasa na uongozi nchini Tanzania.
#MamaYukoKazini","Rais Samia Suluhu ameleta madaliko kwenye siasa na uongozi nchini Tanzania.
#MamaYukoKazini",,12,,,https://nitter.net/pic/profile_images%2F1595825483278581760%2Fx1LKwxNQ_bigger.jpg,https://nitter.net/SamiaFacts/status/1685317646277890048#m
@SamiaFacts,SamiaFacts,"Jul 29, 2023 ¬∑ 3:43 PM UTC","Ushirikiano na DP World utaongeza ufanisi na kuongeza mizigo inayopitishwa kwenye bandari ya Dar es Salaam.
#MamaYukoKazini","Ushirikiano na DP World utaongeza ufanisi na kuongeza mizigo inayopitishwa kwenye bandari ya Dar es Salaam.
#MamaYukoKazini",,12,,,https://nitter.net/pic/profile_images%2F1595825483278581760%2Fx1LKwxNQ_bigger.jpg,https://nitter.net/SamiaFacts/status/1685315227062005760#m
@SamiaFacts,SamiaFacts,"Jul 29, 2023 ¬∑ 3:43 PM UTC","Ndio maana mzunguko wa pesa umeongeza vijana wana ajira wanatengeneza fedha.
#MamaYukoKazini","Ndio maana mzunguko wa pesa umeongeza vijana wana ajira wanatengeneza fedha.
#MamaYukoKazini",,12,,,https://nitter.net/pic/profile_images%2F1595825483278581760%2Fx1LKwxNQ_bigger.jpg,https://nitter.net/SamiaFacts/status/1685315000653488128#m
@mamayukokazini,Mama yuko Kazini,"Jul 29, 2023 ¬∑ 9:59 AM UTC","Mheshimiwa Rais Samia Suluhu anaendelea kuimarisha uhuru wa kujieleza nchini kupitia majukwaa mbalimbali.

Serikali inapokea maoni yanayotolewa kwani yanaiwezesha kufahamu changamoto kutoka kwa wananchi na kuzifanyia kazi kwa wakati. #MamaYukoKazini","Mheshimiwa Rais Samia Suluhu anaendelea kuimarisha uhuru wa kujieleza nchini kupitia majukwaa mbalimbali.

Serikali inapokea maoni yanayotolewa kwani yanaiwezesha kufahamu changamoto kutoka kwa wananchi na kuzifanyia kazi kwa wakati. #MamaYukoKazini",,12,,,https://nitter.net/pic/profile_images%2F1480982390491258881%2F1YIAlTRj_bigger.jpg,https://nitter.net/mamayukokazini/status/1685228431502381056#m
@Iddykibua,Mjamaahalisi_Tzüáπüáø,"Jul 30, 2023 ¬∑ 8:44 PM UTC",Ssa mbona hujaeleweka aisee maana Odinga kasema yotehapo hakuna tatzo llote ni Ruto ndo kaingia mitini kwa kusema kuwa yye ana hasira hawez tokea kwenye upatanisho so wap Rais Samia kadhallka????  Ulitaka LISU ndo aalikwe ??,Ssa mbona hujaeleweka aisee maana Odinga kasema yotehapo hakuna tatzo llote ni Ruto ndo kaingia mitini kwa kusema kuwa yye ana hasira hawez tokea kwenye upatanisho so wap Rais Samia kadhallka????  Ulitaka LISU ndo aalikwe ??,,12,,,https://nitter.net/pic/profile_images%2F1438409747519184899%2FAvcpT90o_bigger.jpg,https://nitter.net/Iddykibua/status/1685753215688597504#m
@AmosKasese,Mon Kez,"Jul 30, 2023 ¬∑ 7:13 PM UTC",ü§£ü§£ü§£ü§£ nimecheka sana,ü§£ü§£ü§£ü§£ nimecheka sana,,12,,,https://nitter.net/pic/profile_images%2F1340882957570105345%2Fbrm2zOXr_bigger.jpg,https://nitter.net/AmosKasese/status/1685730302134472705#m
@mamayukokazini,Mama yuko Kazini,"Jul 30, 2023 ¬∑ 4:16 PM UTC","Sehemu ya maelfu ya wanachama wa CCM mkoani Mwanza katika mkutano wa hadhara hii leo, kusikiliza na kuunga mkono miradi ya maendeleo inayoendelea kutekelezwa chini ya uongozi wa Mheshimiwa Rais Samia Suluhu Hassan, nchi nzima. #MamaYukoKazini","Sehemu ya maelfu ya wanachama wa CCM mkoani Mwanza katika mkutano wa hadhara hii leo, kusikiliza na kuunga mkono miradi ya maendeleo inayoendelea kutekelezwa chini ya uongozi wa Mheshimiwa Rais Samia Suluhu Hassan, nchi nzima. #MamaYukoKazini",,12,,,https://nitter.net/pic/profile_images%2F1480982390491258881%2F1YIAlTRj_bigger.jpg,https://nitter.net/mamayukokazini/status/1685685831921516544#m
@Taifadigital,Taifa Digital Forum,"Jul 30, 2023 ¬∑ 4:12 PM UTC","SERIKALI YA RAIS SAMIA IKO MAKINI, MKATABA UKO VUZIRI

‚ÄúNiwathibitishie, mkataba huu uko vizuri, serikali ya Dkt. Samia Suluhu Hassan iko makini, imefanya kazi kubwa, na nia yake kama walivyosema wenzangu waliotangulia ni utekelezaji wa ilani ya Uchaguzi,","SERIKALI YA RAIS SAMIA IKO MAKINI, MKATABA UKO VUZIRI

‚ÄúNiwathibitishie, mkataba huu uko vizuri, serikali ya Dkt. Samia Suluhu Hassan iko makini, imefanya kazi kubwa, na nia yake kama walivyosema wenzangu waliotangulia ni utekelezaji wa ilani ya Uchaguzi,",,12,,,https://nitter.net/pic/profile_images%2F1640115766623125505%2FeiadnUQm_bigger.jpg,https://nitter.net/Taifadigital/status/1685684685282725888#m
@Taifadigital,Taifa Digital Forum,"Jul 30, 2023 ¬∑ 2:42 PM UTC","""Uwekezaji huu ni muhimu. Nchi yenu ipo salama na inaendelea vizuri. Rais Dkt. Samia Suluhu Hassan anaendelea kufanya kazi, tumuombee na tumtie moyo.""","""Uwekezaji huu ni muhimu. Nchi yenu ipo salama na inaendelea vizuri. Rais Dkt. Samia Suluhu Hassan anaendelea kufanya kazi, tumuombee na tumtie moyo.""",,12,,,https://nitter.net/pic/profile_images%2F1640115766623125505%2FeiadnUQm_bigger.jpg,https://nitter.net/Taifadigital/status/1685662062574264321#m
@benjamathayo4,PUTINI,"Jul 30, 2023 ¬∑ 1:54 PM UTC",Akae mwez huko akirud tumpe urais samia atupishe tu hamna namna.,Akae mwez huko akirud tumpe urais samia atupishe tu hamna namna.,,12,,,https://nitter.net/pic/profile_images%2F1684842044135493632%2FPjHCgz-0_bigger.jpg,https://nitter.net/benjamathayo4/status/1685649995737784320#m
@G_Okangi,George Okangiüáπüáø,"Jul 30, 2023 ¬∑ 1:47 PM UTC",Hakuna serikali sikivu Kama ya SSH sisi Kama wananchi tunaunga mkono juhudi za serikali chini ya M.kiti wa CCM Dkt Samia Suluhu Hassan.,Hakuna serikali sikivu Kama ya SSH sisi Kama wananchi tunaunga mkono juhudi za serikali chini ya M.kiti wa CCM Dkt Samia Suluhu Hassan.,,12,,,https://nitter.net/pic/profile_images%2F1281449167148253185%2FNlf7W67Q_bigger.jpg,https://nitter.net/G_Okangi/status/1685648367337017346#m
@maji_mowi,Wizara ya Maji Tanzania,"Jul 30, 2023 ¬∑ 10:39 AM UTC",wamempongeza Mhe. Rais Samia kwa kuendelea kufanikisha maendeleo makubwa ya kijamii na kiuchumi katika wilaya ya Urambo.,wamempongeza Mhe. Rais Samia kwa kuendelea kufanikisha maendeleo makubwa ya kijamii na kiuchumi katika wilaya ya Urambo.,,12,,,https://nitter.net/pic/profile_images%2F676746313975783425%2FcuKsKjmm_bigger.png,https://nitter.net/maji_mowi/status/1685600998906068992#m
@maji_mowi,Wizara ya Maji Tanzania,"Jul 30, 2023 ¬∑ 10:39 AM UTC","Akizungumza na wananchi waliohudhuria hafla hiyo amesema kuwa baada ya ahadi ya muda mrefu ya Mhe. Samia Suluhu Hassan,  Rais wa Jamhuri ya Muungano wa Tanzania kuhusu kero ya majisafi katika wilaya za Urambo, Kaliua na Sikonge sasa imepata suluhu","Akizungumza na wananchi waliohudhuria hafla hiyo amesema kuwa baada ya ahadi ya muda mrefu ya Mhe. Samia Suluhu Hassan,  Rais wa Jamhuri ya Muungano wa Tanzania kuhusu kero ya majisafi katika wilaya za Urambo, Kaliua na Sikonge sasa imepata suluhu",,12,,,https://nitter.net/pic/profile_images%2F676746313975783425%2FcuKsKjmm_bigger.png,https://nitter.net/maji_mowi/status/1685600992228716545#m
@maji_mowi,Wizara ya Maji Tanzania,"Jul 30, 2023 ¬∑ 10:39 AM UTC","Mhe. Aweso amekabidhi wakandarasi hao katika tukio lililopewa jina Urambo Samia Festival, na chanzo cha cha maji cha mradi litakuwa ziowa Victoria kwa kuhudumia wilaya za Urambo, Kaliua na Sikonge ambapo kiasi cha shilingi bilioni 143.26 zitatumika.","Mhe. Aweso amekabidhi wakandarasi hao katika tukio lililopewa jina Urambo Samia Festival, na chanzo cha cha maji cha mradi litakuwa ziowa Victoria kwa kuhudumia wilaya za Urambo, Kaliua na Sikonge ambapo kiasi cha shilingi bilioni 143.26 zitatumika.",,12,,,https://nitter.net/pic/profile_images%2F676746313975783425%2FcuKsKjmm_bigger.png,https://nitter.net/maji_mowi/status/1685600989057810432#m
@LamuRafael77,Lamu Rafael,"Jul 31, 2023 ¬∑ 7:09 PM UTC","#Ushauri
Vyama vya Upinzani vinatakiwa kukumbuka matumizi mazuri ya majukwaa ya Kisiasa,Rais @SuluhuSamia hakuruhusu mikutano ya hadhara yenye lengo la kutugawa sisi Watanzania kwa misingi ya kidini,Chadema mnapaswa kujisahihisha na kuacha kumchafua Rais Samia,Fanyeni Siasa Safi","#Ushauri
Vyama vya Upinzani vinatakiwa kukumbuka matumizi mazuri ya majukwaa ya Kisiasa,Rais @SuluhuSamia hakuruhusu mikutano ya hadhara yenye lengo la kutugawa sisi Watanzania kwa misingi ya kidini,Chadema mnapaswa kujisahihisha na kuacha kumchafua Rais Samia,Fanyeni Siasa Safi",,12,,,https://nitter.net/pic/profile_images%2F1571740401245061120%2F9zVWGqYy_bigger.jpg,https://nitter.net/LamuRafael77/status/1686091856185024512#m
@mamayukokazini,Mama yuko Kazini,"Jul 31, 2023 ¬∑ 5:21 PM UTC","Mikutano ya kisiasa ya hadhara inayoendelea kote nchini ni matunda ya uongozi wa Mheshimiwa Rais Samia Suluhu Hassan unaojali na kulinda uhuru wa kila Mtanzania kutoa maoni. Kama tunavyoendelea kuona, mapokeo na mahudhurio ya wananchi kwenye mikutano yanatuma ujumbe wa wananchi‚Ä¶","Mikutano ya kisiasa ya hadhara inayoendelea kote nchini ni matunda ya uongozi wa Mheshimiwa Rais Samia Suluhu Hassan unaojali na kulinda uhuru wa kila Mtanzania kutoa maoni. Kama tunavyoendelea kuona, mapokeo na mahudhurio ya wananchi kwenye mikutano yanatuma ujumbe wa wananchi‚Ä¶",,12,,,https://nitter.net/pic/profile_images%2F1480982390491258881%2F1YIAlTRj_bigger.jpg,https://nitter.net/mamayukokazini/status/1686064626063040512#m
@orpptanzania,Msajili wa Vyama vya Siasa,"Jul 31, 2023 ¬∑ 4:36 PM UTC","2/2 Jaji Mutungi kuendelea kupokea maoni ya wadau wa demokrasia nchini ni kutekeleza maelekezo ya Rais wa Jamhuri ya Muungano wa Tanzania @samia baada ya Kikosi Kazi cha Rais kuwasilisha mapendekezo yake yaliyolenga kuimarisha mazingira ya demokrasia nchini. 
#nyumbayademokrasia","2/2 Jaji Mutungi kuendelea kupokea maoni ya wadau wa demokrasia nchini ni kutekeleza maelekezo ya Rais wa Jamhuri ya Muungano wa Tanzania @samia baada ya Kikosi Kazi cha Rais kuwasilisha mapendekezo yake yaliyolenga kuimarisha mazingira ya demokrasia nchini. 
#nyumbayademokrasia",,12,,,https://nitter.net/pic/profile_images%2F1305815811861381127%2F6DR3mGsX_bigger.jpg,https://nitter.net/orpptanzania/status/1686053264993796107#m
@ElienezaMmwiri,Elieneza Matale Mmwiri,"Jul 31, 2023 ¬∑ 2:23 PM UTC",Mimi sioni kama anapitia kipindi kigumu yeye maisha safi anayo milo mitatu ya nguvu anayo kuna watu walilima wakakosa nafaka sasa kwao milo mitatu hamna ni uji asubuhi mchana deshi na usiku ni uji tena inakua imeisha hiyo wala samia wawatu hana shida aninjoiii,Mimi sioni kama anapitia kipindi kigumu yeye maisha safi anayo milo mitatu ya nguvu anayo kuna watu walilima wakakosa nafaka sasa kwao milo mitatu hamna ni uji asubuhi mchana deshi na usiku ni uji tena inakua imeisha hiyo wala samia wawatu hana shida aninjoiii,,12,,,https://nitter.net/pic/profile_images%2F1661418741547008013%2F4GEXfnti_bigger.jpg,https://nitter.net/ElienezaMmwiri/status/1686019751733043200#m
@maji_mowi,Wizara ya Maji Tanzania,"Jul 31, 2023 ¬∑ 1:11 PM UTC","ziwa Victoria ukiendelea kutekelezwa.
Wananchi wa halmashauri ya wilaya ya Kaliua wamepongeza kazi inayofanywa na Serikali katika juhudi za Serikali ya awamu sita inayoongozwa na Mhe. Samia Suluhu Hassan, Rais wa Jamhuri ya Muungano wa Tanzania kwa kutoa majibu ya changamoto","ziwa Victoria ukiendelea kutekelezwa.
Wananchi wa halmashauri ya wilaya ya Kaliua wamepongeza kazi inayofanywa na Serikali katika juhudi za Serikali ya awamu sita inayoongozwa na Mhe. Samia Suluhu Hassan, Rais wa Jamhuri ya Muungano wa Tanzania kwa kutoa majibu ya changamoto",,12,,,https://nitter.net/pic/profile_images%2F676746313975783425%2FcuKsKjmm_bigger.png,https://nitter.net/maji_mowi/status/1686001733225324544#m
@SamiaFacts,SamiaFacts,"Jul 31, 2023 ¬∑ 11:21 AM UTC","Wakulima sasa watatumia mbolea zaidi kwa uzalishaji zaidi.
#MamaYukoKazini","Wakulima sasa watatumia mbolea zaidi kwa uzalishaji zaidi.
#MamaYukoKazini",,12,,,https://nitter.net/pic/profile_images%2F1595825483278581760%2Fx1LKwxNQ_bigger.jpg,https://nitter.net/SamiaFacts/status/1685973953863471108#m
@SamiaFacts,SamiaFacts,"Jul 31, 2023 ¬∑ 11:20 AM UTC","Hakika Rais Samia Suluhu anatimiza ahadi yake kwa wana Kigoma ya kuifungua kiuchumi kwani miundombinu bora ni chachu ya kukua kwa uchumi
#MamaYukoKazini","Hakika Rais Samia Suluhu anatimiza ahadi yake kwa wana Kigoma ya kuifungua kiuchumi kwani miundombinu bora ni chachu ya kukua kwa uchumi
#MamaYukoKazini",,12,,,https://nitter.net/pic/profile_images%2F1595825483278581760%2Fx1LKwxNQ_bigger.jpg,https://nitter.net/SamiaFacts/status/1685973788242956289#m
@jurnioreward001,Am_Rewardjr,"Jul 31, 2023 ¬∑ 10:47 AM UTC","Bado sana sijafanikiwa kusikia.
1. Ukomo wa mkataba.
2. Faida za mkataba (tunagawana vipi faida zitakazopatikana kutokana na mkataba huu)

Nachosikia tuu ni shughuli zitakazofanywa na mwekezaji.

Tupatiwe jibu juu ya hili hayo mengine yatafuata.","Bado sana sijafanikiwa kusikia.
1. Ukomo wa mkataba.
2. Faida za mkataba (tunagawana vipi faida zitakazopatikana kutokana na mkataba huu)

Nachosikia tuu ni shughuli zitakazofanywa na mwekezaji.

Tupatiwe jibu juu ya hili hayo mengine yatafuata.",,12,,,https://nitter.net/pic/profile_images%2F1672683734376611848%2FSe_G1T_F_bigger.jpg,https://nitter.net/jurnioreward001/status/1685965299202355200#m
@MatayoZebedayo,Matayo Zebedayo,"Jul 31, 2023 ¬∑ 10:02 AM UTC","Watanzania zaidi ya milioni 3 wanapata huduma ya nishati.

Juhudi za serikali ya Rais Samia Suluhu ni kutafuta vyanzo vipya vya nishati na kurekebisha mitambo iliopo ili kuongeza ufanisi kwenye usambazaji umeme.
#MamaYukoKazini","Watanzania zaidi ya milioni 3 wanapata huduma ya nishati.

Juhudi za serikali ya Rais Samia Suluhu ni kutafuta vyanzo vipya vya nishati na kurekebisha mitambo iliopo ili kuongeza ufanisi kwenye usambazaji umeme.
#MamaYukoKazini",,12,,,https://nitter.net/pic/profile_images%2F1466322627438518273%2F7XLl-yHK_bigger.jpg,https://nitter.net/MatayoZebedayo/status/1685953983037272064#m
@MatayoZebedayo,Matayo Zebedayo,"Jul 31, 2023 ¬∑ 9:46 AM UTC",Msisitizo wa serikali ya Rais Samia Suluhu ni kufikisha umeme kwenye kila kona ya nchi kufungua fursa za kiuchumi zinazotokana na uwepo wa nishati ya umeme wa uhakika.,Msisitizo wa serikali ya Rais Samia Suluhu ni kufikisha umeme kwenye kila kona ya nchi kufungua fursa za kiuchumi zinazotokana na uwepo wa nishati ya umeme wa uhakika.,,12,,,https://nitter.net/pic/profile_images%2F1466322627438518273%2F7XLl-yHK_bigger.jpg,https://nitter.net/MatayoZebedayo/status/1685950111380045829#m
@SuluhuSamia,Samia Suluhu,"Jul 31, 2023 ¬∑ 7:23 AM UTC","Nimepokea kwa masikitiko taarifa ya kifo cha Sheikh Maalim Ali Basaleh, mwanazuoni na mwalimu katika imani. Natoa pole kwa waumini wa dini ya Kiislamu, familia, ndugu, jamaa na marafiki. Mungu ailaze roho yake mahali pema peponi. Amina.","Nimepokea kwa masikitiko taarifa ya kifo cha Sheikh Maalim Ali Basaleh, mwanazuoni na mwalimu katika imani. Natoa pole kwa waumini wa dini ya Kiislamu, familia, ndugu, jamaa na marafiki. Mungu ailaze roho yake mahali pema peponi. Amina.",,12,,,https://nitter.net/pic/profile_images%2F1325736639663104001%2FnpV8DGhz_bigger.jpg,https://nitter.net/SuluhuSamia/status/1685913943951187968#m
@mamayukokazini,Mama yuko Kazini,"Jul 31, 2023 ¬∑ 6:19 AM UTC","Mheshimiwa Rais Samia Suluhu ameendelea kuifanya kazi kubwa ya kubadili kilimo kuwa chenye manufaa.

Moja ya gharama kubwa za mkulima ni mbolea, ruzuku ya Serikali imeleta shangwe mashambani. #MamaYukoKazini","Mheshimiwa Rais Samia Suluhu ameendelea kuifanya kazi kubwa ya kubadili kilimo kuwa chenye manufaa.

Moja ya gharama kubwa za mkulima ni mbolea, ruzuku ya Serikali imeleta shangwe mashambani. #MamaYukoKazini",,12,,,https://nitter.net/pic/profile_images%2F1480982390491258881%2F1YIAlTRj_bigger.jpg,https://nitter.net/mamayukokazini/status/1685898019181359104#m
@SamiaFacts,SamiaFacts,"Aug 1, 2023 ¬∑ 4:12 PM UTC","Kiwango cha biashara kati ya China na Tanzania kinazidi kuimarika, kilifika rekodi ya juu ya dola Bilion 8.31 mwaka 2022, na kuongezeka kwa 23.7%.

China inaendelea kuwa mshirika mkubwa wa kibiashara wa Tanzania kuanzia 2016 hadi 2021.

#MamaYukoKazini","Kiwango cha biashara kati ya China na Tanzania kinazidi kuimarika, kilifika rekodi ya juu ya dola Bilion 8.31 mwaka 2022, na kuongezeka kwa 23.7%.

China inaendelea kuwa mshirika mkubwa wa kibiashara wa Tanzania kuanzia 2016 hadi 2021.

#MamaYukoKazini",,12,,,https://nitter.net/pic/profile_images%2F1595825483278581760%2Fx1LKwxNQ_bigger.jpg,https://nitter.net/SamiaFacts/status/1686409596288573440#m
@SamiaFacts,SamiaFacts,"Aug 1, 2023 ¬∑ 4:11 PM UTC","JE WAJUA?

Tanzania yavunja rekodi ya Afrika Kwa kujenga mradi mkubwa wa Treni ya Kisasa yenye urefu wa zaidi ya Kilomita 700 

#MamaYukoKazini","JE WAJUA?

Tanzania yavunja rekodi ya Afrika Kwa kujenga mradi mkubwa wa Treni ya Kisasa yenye urefu wa zaidi ya Kilomita 700 

#MamaYukoKazini",,12,,,https://nitter.net/pic/profile_images%2F1595825483278581760%2Fx1LKwxNQ_bigger.jpg,https://nitter.net/SamiaFacts/status/1686409301068337155#m
@SamiaFacts,SamiaFacts,"Aug 1, 2023 ¬∑ 4:09 PM UTC","""Miaka miwili ya Nyerere sikuwepo kwa sababu nilikuwa bado mdogo, awamu ya pili nilikuwepo, ya tatu nimeshuhudia, ya nne nilikuwepo pamoja na kikwete lakini kwa miaka miwili ukilinganisha na awamu zingine Mama (Rais Samia Suluhu) amevunja rekodi,,""- Stephen Wasira
#MamaYukoKazini","""Miaka miwili ya Nyerere sikuwepo kwa sababu nilikuwa bado mdogo, awamu ya pili nilikuwepo, ya tatu nimeshuhudia, ya nne nilikuwepo pamoja na kikwete lakini kwa miaka miwili ukilinganisha na awamu zingine Mama (Rais Samia Suluhu) amevunja rekodi,,""- Stephen Wasira
#MamaYukoKazini",,12,,,https://nitter.net/pic/profile_images%2F1595825483278581760%2Fx1LKwxNQ_bigger.jpg,https://nitter.net/SamiaFacts/status/1686408926512754690#m
@SamiaFacts,SamiaFacts,"Aug 1, 2023 ¬∑ 4:08 PM UTC",Rekodi nyingi zimewekwa na uongozi wake ikiwemo kuwa Serikali ya kwanza kupata 75% ya mafuta na gesi baada ya kusaini Mkataba wa uzalishaji na ugawaji mapato (PSA) kitalu cha Ruvuma - Mtwara. #MamaYukoKazini,Rekodi nyingi zimewekwa na uongozi wake ikiwemo kuwa Serikali ya kwanza kupata 75% ya mafuta na gesi baada ya kusaini Mkataba wa uzalishaji na ugawaji mapato (PSA) kitalu cha Ruvuma - Mtwara. #MamaYukoKazini,,12,,,https://nitter.net/pic/profile_images%2F1595825483278581760%2Fx1LKwxNQ_bigger.jpg,https://nitter.net/SamiaFacts/status/1686408644177399808#m
@SamiaFacts,SamiaFacts,"Aug 1, 2023 ¬∑ 4:07 PM UTC","Fedha zilizotolewa na Rais Samia Suluhu zimeiwezesha Bandari ya Dar kuvunja rekodi kwa kuhudumia meli 77 kwa mwezi kutoka meli 50, sawa na ongezeko la 54%

Ongezo la meli linatafsiri ongezeko la ajira na kipato kwa Watanzania na serikali
#MamaYukoKazini","Fedha zilizotolewa na Rais Samia Suluhu zimeiwezesha Bandari ya Dar kuvunja rekodi kwa kuhudumia meli 77 kwa mwezi kutoka meli 50, sawa na ongezeko la 54%

Ongezo la meli linatafsiri ongezeko la ajira na kipato kwa Watanzania na serikali
#MamaYukoKazini",,12,,,https://nitter.net/pic/profile_images%2F1595825483278581760%2Fx1LKwxNQ_bigger.jpg,https://nitter.net/SamiaFacts/status/1686408195319775232#m
@MatayoZebedayo,Matayo Zebedayo,"Aug 1, 2023 ¬∑ 3:04 PM UTC","Serikali inayoongozwa na Rais Samia Suluhu iko makini inahakikisha maslahi na rasilimali za watanzania zinalindwa.
#MamaYukoKazini","Serikali inayoongozwa na Rais Samia Suluhu iko makini inahakikisha maslahi na rasilimali za watanzania zinalindwa.
#MamaYukoKazini",,12,,,https://nitter.net/pic/profile_images%2F1466322627438518273%2F7XLl-yHK_bigger.jpg,https://nitter.net/MatayoZebedayo/status/1686392529376432128#m
@MatayoZebedayo,Matayo Zebedayo,"Aug 1, 2023 ¬∑ 2:21 PM UTC","Serikali chini ya uongozi wa Rais Samia Suluhu imekamilisha ujenzi wa Tawi la Chuo cha Biashara (CBE) Mkoa wa Mbeya lililopo kata ya Iganzo Jijini Mbeya.

#MamaYukoKazini","Serikali chini ya uongozi wa Rais Samia Suluhu imekamilisha ujenzi wa Tawi la Chuo cha Biashara (CBE) Mkoa wa Mbeya lililopo kata ya Iganzo Jijini Mbeya.

#MamaYukoKazini",,12,,,https://nitter.net/pic/profile_images%2F1466322627438518273%2F7XLl-yHK_bigger.jpg,https://nitter.net/MatayoZebedayo/status/1686381627080077314#m
@MatayoZebedayo,Matayo Zebedayo,"Aug 1, 2023 ¬∑ 2:15 PM UTC","Serikali ya Rais Samia Suluhu imefanikisha ujenzi wa majengo ya kituo cha afya Oldonyosambu.

Vituo vya Afya sasa ni Kata kwa Kata

#MamaYukoKazini anaendelea kusogeza huduma karibu na wananchi","Serikali ya Rais Samia Suluhu imefanikisha ujenzi wa majengo ya kituo cha afya Oldonyosambu.

Vituo vya Afya sasa ni Kata kwa Kata

#MamaYukoKazini anaendelea kusogeza huduma karibu na wananchi",,12,,,https://nitter.net/pic/profile_images%2F1466322627438518273%2F7XLl-yHK_bigger.jpg,https://nitter.net/MatayoZebedayo/status/1686380082053668864#m
@mamayukokazini,Mama yuko Kazini,"Aug 1, 2023 ¬∑ 2:04 PM UTC","Shukrani kutoka kwa Mzee Abbas Sekulamba, Mwenyekiti wa Chama cha Ushirika cha Mkonge Korogwe, Tanga, kwenda kwa Mheshimiwa Rais Samia Suluhu baada ya kufikiwa na mbolea ya ruzuku hadi kijiji kwake. #MamaYukoKazini","Shukrani kutoka kwa Mzee Abbas Sekulamba, Mwenyekiti wa Chama cha Ushirika cha Mkonge Korogwe, Tanga, kwenda kwa Mheshimiwa Rais Samia Suluhu baada ya kufikiwa na mbolea ya ruzuku hadi kijiji kwake. #MamaYukoKazini",,12,,,https://nitter.net/pic/profile_images%2F1480982390491258881%2F1YIAlTRj_bigger.jpg,https://nitter.net/mamayukokazini/status/1686377470755545088#m
@MatayoZebedayo,Matayo Zebedayo,"Aug 1, 2023 ¬∑ 1:29 PM UTC","üìåRAIS SAMIA AWEKA REKODI KUBWA ZAIDI KUWAHI KUTOKEA

Katika kipindi cha kuanzia Mwaka 2021 hadi 2023, Kituo cha uwekezaji Tanzania (TIC) kimesajili jumla ya miradi 778 yenye thamani ya dola Bilioni 10 na Milioni 532. Miradi hii itazalisha ajira zaidi ya 125,382

#MamaYukoKazini","üìåRAIS SAMIA AWEKA REKODI KUBWA ZAIDI KUWAHI KUTOKEA

Katika kipindi cha kuanzia Mwaka 2021 hadi 2023, Kituo cha uwekezaji Tanzania (TIC) kimesajili jumla ya miradi 778 yenye thamani ya dola Bilioni 10 na Milioni 532. Miradi hii itazalisha ajira zaidi ya 125,382

#MamaYukoKazini",,12,,,https://nitter.net/pic/profile_images%2F1466322627438518273%2F7XLl-yHK_bigger.jpg,https://nitter.net/MatayoZebedayo/status/1686368456193507328#m
@maji_mowi,Wizara ya Maji Tanzania,"Aug 1, 2023 ¬∑ 12:50 PM UTC","Amesema katika kuhakikisha azma ya kumtua ‚Äúndoo mama ya maji kichawani‚Äù inafikiwa kwa uongozi wa  Mhe. Samia Suluhu Hassan, Rais wa Jamhuri ya Muungano wa Tanzania ni vizuri kufikia maeneo yote yenye changamoto kwa asilimia 95 mijini na asilimia 85 vijijini ifikapo mwaka 2025.","Amesema katika kuhakikisha azma ya kumtua ‚Äúndoo mama ya maji kichawani‚Äù inafikiwa kwa uongozi wa  Mhe. Samia Suluhu Hassan, Rais wa Jamhuri ya Muungano wa Tanzania ni vizuri kufikia maeneo yote yenye changamoto kwa asilimia 95 mijini na asilimia 85 vijijini ifikapo mwaka 2025.",,12,,,https://nitter.net/pic/profile_images%2F676746313975783425%2FcuKsKjmm_bigger.png,https://nitter.net/maji_mowi/status/1686358858036383745#m
@mamayukokazini,Mama yuko Kazini,"Aug 1, 2023 ¬∑ 11:00 AM UTC","Miradi 10 ya uwekezaji wa kimkakati imesajiliwa nchini

‚óâ Thamani: TZS trilioni 4.4

‚óâ Ajira: 260,755

Hivi ndivyo Mheshimiwa Rais Samia anavyoikuza sekta binafsi ili kukuza uchumi na kuzalisha ajira kwa maelfu ya Watanzania. nitter.net/mamayukokazini/s‚Ä¶

#MamaYukoKazini","Miradi 10 ya uwekezaji wa kimkakati imesajiliwa nchini

‚óâ Thamani: TZS trilioni 4.4

‚óâ Ajira: 260,755

Hivi ndivyo Mheshimiwa Rais Samia anavyoikuza sekta binafsi ili kukuza uchumi na kuzalisha ajira kwa maelfu ya Watanzania. nitter.net/mamayukokazini/s‚Ä¶

#MamaYukoKazini",,12,,,https://nitter.net/pic/profile_images%2F1480982390491258881%2F1YIAlTRj_bigger.jpg,https://nitter.net/mamayukokazini/status/1686331039277301760#m
@Lazarosabas,Lazaro Sabas,"Aug 1, 2023 ¬∑ 5:17 AM UTC",Halikadhalika Barabara ya Pugu- Majohe- Viwege- Njia nne - Mbondole tutashuhudia Lami katika Uongozi wa Mhe Jerry Silaa na Mama yetu kipenzi Mhe Dkt Samia Suluhu Hassan.,Halikadhalika Barabara ya Pugu- Majohe- Viwege- Njia nne - Mbondole tutashuhudia Lami katika Uongozi wa Mhe Jerry Silaa na Mama yetu kipenzi Mhe Dkt Samia Suluhu Hassan.,,12,,,https://nitter.net/pic/profile_images%2F1041750523744055296%2FFC5qsyNK_bigger.jpg,https://nitter.net/Lazarosabas/status/1686244835143884800#m
@Fahardin4,Fahardin,"Aug 1, 2023 ¬∑ 5:10 AM UTC",Hamna akili nyie ccm wte,Hamna akili nyie ccm wte,,12,,,https://nitter.net/pic/profile_images%2F1580202877708107777%2FpD3iEUjY_bigger.jpg,https://nitter.net/Fahardin4/status/1686243057295904768#m
username is fail,handle fail,Failed,,,,12,Failed,N/A,[],tweet_url is fail
@maji_mowi,Wizara ya Maji Tanzania,"Aug 2, 2023 ¬∑ 6:33 PM UTC",mamba katika mito.   Wananchi wa kijiji cha Itelefya wamepokea mradi huo na kushukuru Serikali ya awamu ya sita inayoongozwa na  Mhe .Samia Suluhu Hassan Rais wa Jamhuri ya Muungano wa Tanzania kwa kufanikisha kazi hiyo muhimu katika jamii.,mamba katika mito.   Wananchi wa kijiji cha Itelefya wamepokea mradi huo na kushukuru Serikali ya awamu ya sita inayoongozwa na  Mhe .Samia Suluhu Hassan Rais wa Jamhuri ya Muungano wa Tanzania kwa kufanikisha kazi hiyo muhimu katika jamii.,,12,,,https://nitter.net/pic/profile_images%2F676746313975783425%2FcuKsKjmm_bigger.png,https://nitter.net/maji_mowi/status/1686807359358648327#m
@ortamisemitz,OFISI YA RAIS TAMISEMI,"Aug 2, 2023 ¬∑ 5:50 PM UTC",Senyamule pia amewataka wananchi wa Singida na Dodoma (Kanda ya Kati) kuungana katika vikundi ili iwe rahisi kwa Serikali kuwawezesha kuongeza thamani ya mazao yao ya kilimo na mifugo kwa lengo la kuongeza kipato lakini pia kufikia nia ya Mheshimiwa Rais Dkt. Samia Suluhu Hassan‚Ä¶,Senyamule pia amewataka wananchi wa Singida na Dodoma (Kanda ya Kati) kuungana katika vikundi ili iwe rahisi kwa Serikali kuwawezesha kuongeza thamani ya mazao yao ya kilimo na mifugo kwa lengo la kuongeza kipato lakini pia kufikia nia ya Mheshimiwa Rais Dkt. Samia Suluhu Hassan‚Ä¶,,12,,,https://nitter.net/pic/profile_images%2F1315584270128349185%2Fogr074Ki_bigger.jpg,https://nitter.net/ortamisemitz/status/1686796677330464768#m
@Taifadigital,Taifa Digital Forum,"Aug 2, 2023 ¬∑ 5:17 PM UTC",za Mheshimwa Rais Samia Suluhu Hassan kuwawezesha vijana na akinamama katika sekta ya ufugaji ili kukuza uchumi jumuishi na kupunguza mikopo kausha damu kwenye jamii.,za Mheshimwa Rais Samia Suluhu Hassan kuwawezesha vijana na akinamama katika sekta ya ufugaji ili kukuza uchumi jumuishi na kupunguza mikopo kausha damu kwenye jamii.,,12,,,https://nitter.net/pic/profile_images%2F1640115766623125505%2FeiadnUQm_bigger.jpg,https://nitter.net/Taifadigital/status/1686788275028062216#m
@Taifadigital,Taifa Digital Forum,"Aug 2, 2023 ¬∑ 5:17 PM UTC","PROGRAMU YA RAIS SAMIA YA BBT KUWAINUA VIJANA KIUCHUMI 

Kampuni ya Silverlands inayoshughulika na uzalishaji wa vifaranga na chakula cha kuku imesema inaanzisha mpango mahususi utakaoishirikiana na Programu ya BBT Mifugo kuunga mkono jitihada","PROGRAMU YA RAIS SAMIA YA BBT KUWAINUA VIJANA KIUCHUMI 

Kampuni ya Silverlands inayoshughulika na uzalishaji wa vifaranga na chakula cha kuku imesema inaanzisha mpango mahususi utakaoishirikiana na Programu ya BBT Mifugo kuunga mkono jitihada",,12,,,https://nitter.net/pic/profile_images%2F1640115766623125505%2FeiadnUQm_bigger.jpg,https://nitter.net/Taifadigital/status/1686788271030890501#m
@alawyjr9,Alawyjr,"Aug 2, 2023 ¬∑ 3:13 PM UTC",Ni kweli huenda Samia hatoshi ila reality ni kwamba hao ambao ni wapinzani wake hakuna hata mmoja anaekaribia kutosha,Ni kweli huenda Samia hatoshi ila reality ni kwamba hao ambao ni wapinzani wake hakuna hata mmoja anaekaribia kutosha,,12,,,https://nitter.net/pic/profile_images%2F1666023791154155520%2FK7bihJSm_bigger.jpg,https://nitter.net/alawyjr9/status/1686757011935883264#m
@SamiaFacts,SamiaFacts,"Aug 2, 2023 ¬∑ 2:41 PM UTC","ONGEZEKO MIKOPO ELIMU YA JUU

Kwa mwaka 2023/24 Serikali imetenga Shilingi bilioni 731 zitakazonufaisha jumla ya wanafunzi 205,000, ukilinganisha na  bilioni 654 zilizotolewa na serikali kwa mwaka wa masomo 2022/2023
#MamaYukoKazini","ONGEZEKO MIKOPO ELIMU YA JUU

Kwa mwaka 2023/24 Serikali imetenga Shilingi bilioni 731 zitakazonufaisha jumla ya wanafunzi 205,000, ukilinganisha na  bilioni 654 zilizotolewa na serikali kwa mwaka wa masomo 2022/2023
#MamaYukoKazini",,12,,,https://nitter.net/pic/profile_images%2F1595825483278581760%2Fx1LKwxNQ_bigger.jpg,https://nitter.net/SamiaFacts/status/1686749129177751552#m
@SamiaFacts,SamiaFacts,"Aug 2, 2023 ¬∑ 2:39 PM UTC","WANUFAIKA WA SAMIA SCHOLARSHIP

Mwaka 2022/2023 Serikali ilitenga shilingi Bilioni tatu iliyonufaisha wanafunzi 636, kike walikuwa 261 (41%)  wa kiume 375 (59%). Wanafunzi hao walidahiliwa na kusajiliwa katika taasisi 18 za Elimu ya Juu.
#MamaYukoKazini","WANUFAIKA WA SAMIA SCHOLARSHIP

Mwaka 2022/2023 Serikali ilitenga shilingi Bilioni tatu iliyonufaisha wanafunzi 636, kike walikuwa 261 (41%)  wa kiume 375 (59%). Wanafunzi hao walidahiliwa na kusajiliwa katika taasisi 18 za Elimu ya Juu.
#MamaYukoKazini",,12,,,https://nitter.net/pic/profile_images%2F1595825483278581760%2Fx1LKwxNQ_bigger.jpg,https://nitter.net/SamiaFacts/status/1686748678902489088#m
@SamiaFacts,SamiaFacts,"Aug 2, 2023 ¬∑ 2:29 PM UTC","Rais Samia Suluhu anaboresha sekta ya elimu nchini.
#MamaYukoKazini","Rais Samia Suluhu anaboresha sekta ya elimu nchini.
#MamaYukoKazini",,12,,,https://nitter.net/pic/profile_images%2F1595825483278581760%2Fx1LKwxNQ_bigger.jpg,https://nitter.net/SamiaFacts/status/1686746135988236289#m
@SamiaFacts,SamiaFacts,"Aug 2, 2023 ¬∑ 2:28 PM UTC","Tanzania imepiga hatua katika kukuza rasilimali watu, mfano imeendelea kuongeza bajeti ya elimu ili kufikia lengo 20% ya bajeti yote ifikapo mwaka 2030.

üí∞Mwaka 2019/2020 - 17.9%
üí∞Mwaka 2021/2022 - 18.9%

#MamaYukoKazini","Tanzania imepiga hatua katika kukuza rasilimali watu, mfano imeendelea kuongeza bajeti ya elimu ili kufikia lengo 20% ya bajeti yote ifikapo mwaka 2030.

üí∞Mwaka 2019/2020 - 17.9%
üí∞Mwaka 2021/2022 - 18.9%

#MamaYukoKazini",,12,,,https://nitter.net/pic/profile_images%2F1595825483278581760%2Fx1LKwxNQ_bigger.jpg,https://nitter.net/SamiaFacts/status/1686745791845515265#m
@mamayukokazini,Mama yuko Kazini,"Aug 2, 2023 ¬∑ 10:04 AM UTC","Miaka miwili ya Mheshimiwa Rais Samia Suluhu imeonesha ongezeko kubwa la abiria Bandari ya Dar es Salaam.

Uboreshaji wa Gati la Abiria utaongeza uwezo wa kupokea meli kubwa ambazo zitachochea ufikiaji lengo la watalii milioni 5 ifikapo mwaka 2025.

#MamaYukoKazini","Miaka miwili ya Mheshimiwa Rais Samia Suluhu imeonesha ongezeko kubwa la abiria Bandari ya Dar es Salaam.

Uboreshaji wa Gati la Abiria utaongeza uwezo wa kupokea meli kubwa ambazo zitachochea ufikiaji lengo la watalii milioni 5 ifikapo mwaka 2025.

#MamaYukoKazini",,12,,,https://nitter.net/pic/profile_images%2F1480982390491258881%2F1YIAlTRj_bigger.jpg,https://nitter.net/mamayukokazini/status/1686679255403413505#m
@mamayukokazini,Mama yuko Kazini,"Aug 2, 2023 ¬∑ 8:56 AM UTC","Chini ya Mheshimiwa Rais Samia Suluhu kumekuwa na kasi kubwa ya matumizi ya saruji kunakotokana na;

‚óâ Kukua kwa shughuli za ujenzi wa makazi na biashara

‚óâ Utekelezaji wa miradi ya Serikali  

Shughuli hizi zinakuza mzunguko wa fedha kwenye maeneo zinapotekelezwa.‚Ä¶","Chini ya Mheshimiwa Rais Samia Suluhu kumekuwa na kasi kubwa ya matumizi ya saruji kunakotokana na;

‚óâ Kukua kwa shughuli za ujenzi wa makazi na biashara

‚óâ Utekelezaji wa miradi ya Serikali  

Shughuli hizi zinakuza mzunguko wa fedha kwenye maeneo zinapotekelezwa.‚Ä¶",,12,,,https://nitter.net/pic/profile_images%2F1480982390491258881%2F1YIAlTRj_bigger.jpg,https://nitter.net/mamayukokazini/status/1686662193771646976#m
@katibayawatu,Katiba ya Watu wa üáπüáø,"Aug 2, 2023 ¬∑ 2:07 AM UTC",ikiwemo Rais Samia.Mkutano huu ulinuia kutafuta njia za kuleta umoja na kuhimiza mazungumzo ya kistaarabu ili kupunguza mvutano wa kisiasa na migogoro. Lengo ni kuhakikisha amani na maendeleo yanaimarika kwa kuheshimu tofauti za kisiasa na kuendeleza demokrasia ya vyama vingi.,ikiwemo Rais Samia.Mkutano huu ulinuia kutafuta njia za kuleta umoja na kuhimiza mazungumzo ya kistaarabu ili kupunguza mvutano wa kisiasa na migogoro. Lengo ni kuhakikisha amani na maendeleo yanaimarika kwa kuheshimu tofauti za kisiasa na kuendeleza demokrasia ya vyama vingi.,,12,,,https://nitter.net/pic/profile_images%2F1427805166288482311%2FLpJPgG1D_bigger.jpg,https://nitter.net/katibayawatu/status/1686559400331456512#m
@katibayawatu,Katiba ya Watu wa üáπüáø,"Aug 2, 2023 ¬∑ 2:07 AM UTC","Alibainisha kuwa Rais Samia Suluhu Hassan anatambua umuhimu wa kuimarisha demokrasia ya vyama vingi na kuleta maendeleo nchini.
Hali ya kisiasa nchini Tanzania imekuwa tete kutokana na mjadala wa uwekezaji katika sekta ya bandari ya nchini.","Alibainisha kuwa Rais Samia Suluhu Hassan anatambua umuhimu wa kuimarisha demokrasia ya vyama vingi na kuleta maendeleo nchini.
Hali ya kisiasa nchini Tanzania imekuwa tete kutokana na mjadala wa uwekezaji katika sekta ya bandari ya nchini.",,12,,,https://nitter.net/pic/profile_images%2F1427805166288482311%2FLpJPgG1D_bigger.jpg,https://nitter.net/katibayawatu/status/1686559391896772608#m
